{"train_loss": [1.2210531702524499, 1.1462951159175438, 1.0736420856246465, 1.0199443984635268, 0.976578185075446, 0.9363224400749689, 0.9067468348937698, 0.8405087129979194, 0.8085565106778205, 0.7744192171700394, 0.7460775790335257, 0.7151288465608524, 0.7222807777078846, 0.7001885718937162, 0.6915854140173031], "val_auc": [0.6575219517321004, 0.6844778846982182, 0.7087778649268293, 0.7184866687713398, 0.7244050081134544, 0.7309506056215586, 0.7343714390748745, 0.7285194596453549, 0.7346505479178526, 0.7335586567787159, 0.7346818727716975, 0.734774089944413, 0.7352288838704386, 0.7346758610914119, 0.7348121992221558]}